{"last_tab":"0","header_logo":{"url":"","id":"","height":"","width":"","thumbnail":""},"header_logo_2x":{"url":"","id":"","height":"","width":"","thumbnail":""},"header_logo_max_width":"140","header_logo_max_width_large":"200","header_logo_size":"small","header_bg_image":{"url":"","id":"","height":"","width":"","thumbnail":""},"header_slideshow_enable":"0","header_slideshow_images":"","header_slideshow_speed":"8","header_gmap_enable":"0","header_gmap_address":"Main St, Stowe, VT 05672, USA","header_gmap_latitude":"","header_gmap_longitude":"","header_gmap_type":"hybrid","header_gmap_zoom":"17","header_gmap_mouse_scroll_enable":"1","header_search_enable":"1","footer_bg_image":{"url":"","id":"","height":"","width":"","thumbnail":""},"bottom_panel_columns":"4","footer_social_enable":"1","footer_text":"You can purchase TownPress Municipality WordPress Theme on <a href=\"http:\/\/themeforest.net\/\">ThemeForest.net<\/a>\r\nWeather forecast by <a href=\"http:\/\/openweathermap.org\/\">OpenWeatherMap.org<\/a>","sidebar_menu_position":"left","sidebar_menu_submenu_visible":"1","custom_sidebars":{"redux_repeater_data":[{"title":""},{"title":""},{"title":""},{"title":""},{"title":""},{"title":""},{"title":""},{"title":""},{"title":""},{"title":""},{"title":""}],"sidebar_id":["home1-left","home1-right","home2-left","documents-left","documents-right","news-right","notices-right","events-right","galleries-left","galleries-right","virtualtour-left"],"sidebar_title":["Home 1 Left","Home 1 Right","Home 2 Left","Documents Left","Documents Right","News Right","Notices Right","Events Right","Galleries Left","Galleries Right","Virutal Tour Left"]},"article_list_thumb":"cropped","article_list_categories_enable":"1","article_detail_thumb":"top","article_detail_thumb_crop":"0","article_detail_categories_enable":"1","article_detail_navigation_enable":"1","article_detail_tags_enable":"1","notices_base_page":"185","notices_slug":"notices","notice_cat_slug":"notice-category","notice_list_items_per_page":"5","notice_list_thumb":"cropped","notice_list_categories_enable":"1","notice_detail_thumb":"header","notice_detail_thumb_crop":"1","notice_detail_categories_enable":"1","documents_base_page":"179","documents_slug":"documents","document_cat_slug":"document-category","document_list_items_per_page":"20","document_new_tab_enable":"1","document_list_filesize_enable":"1","document_list_icon_enable":"1","events_base_page":"181","events_slug":"events","event_cat_slug":"event-category","event_list_items_per_page":"5","event_list_group_by_month":"1","event_list_thumb":"cropped","event_list_time_enable":"1","event_list_location_enable":"1","event_list_excerpt_enable":"disable","event_detail_thumb":"header","event_detail_thumb_crop":"0","galleries_base_page":"183","galleries_slug":"galleries","gallery_cat_slug":"gallery-category","gallery_list_items_per_page":"20","gallery_list_images_columns":"3","gallery_list_title_enable":"1","gallery_list_categories_enable":"1","gallery_detail_thumb":"header","gallery_detail_layout":"masonry","gallery_detail_images_columns":"3","gallery_detail_navigation_enable":"1","locale_widget_bg_image":{"url":"","id":"","height":"","width":"","thumbnail":""},"locale_custom_fields":{"redux_repeater_data":[{"title":""},{"title":""}],"field_title":["Latitude","Longitude"],"field_value":["44\u00b027'N","72\u00b041'W"]},"locale_time_enable":"1","locale_weather_enable":"1","locale_weather_location":"stowe,vermont,us","locale_weather_latitude":"","locale_weather_longitude":"","locale_weather_current_enable":"1","locale_weather_forecast_length":"1","locale_weather_units_format":"metric","locale_weather_api_key":"","locale_weather_cache_interval":"60","fonts_gf_enable":"1","font_primary":{"font-family":"Source Sans Pro","font-options":"","google":"1","font-weight":"400","font-style":"","subsets":"latin","font-size":"16px"},"social_links":{"Twitter":"#","Facebook":"#","GooglePlus":"#","Instagram":"#","AngelList":"","Behance":"","Bitbucket":"","Bitcoin":"","Codepen":"","Delicious":"","DeviantArt":"","Digg":"","Dribbble":"","Dropbox":"","Email":"","Flickr":"","FourSquare":"","Git":"","GitHub":"","LastFM":"","LinkedIn":"","PayPal":"","Pinterest":"","Reddit":"","Skype":"","SoundCloud":"","Spotify":"","Steam":"","Trello":"","Tumblr":"","Twitch":"","Vimeo":"","Vine":"","VK":"","WordPress":"","Xing":"","Yahoo":"","Yelp":"","YouTube":""},"social_links_target":"0","localization_switcher_enable":"wpml","skin_default":"red","skin_custom_enabled":"0","skin_custom_code":"","favicon":{"url":"","id":"","height":"","width":"","thumbnail":""},"page404_content":"The page you are looking for is no longer available or has been moved","pagination_default_enable":"0","custom_css_code":"                                    ","custom_js_code":"                                    ","custom_any_code":"","redux-backup":"1"}